"Journal Data Filtered By:  Selected Editions: SCIE;SSCI;AHCI;ESCI Selected JCR Year: 2023 Selected Category Schema: WOS Selected Open Access: N Selected ISSN/eISSNs: Multiple Indicator: Custom"

Journal name,JCR Abbreviation,ISSN,eISSN,Category,Edition,Total Citations,2023 JIF,JIF Quartile,2023 JCI,JIF Rank,5 Year JIF,5 Year JIF Quartile,JIF Without Self Cites,Immediacy Index,JCI Rank,JCI Quartile,JCI Percentile,Eigenfactor,Normalized Eigenfactor,Article Influence Score,JIF Percentile,AIS Quartile
"ASTRONOMY & ASTROPHYSICS","ASTRON ASTROPHYS","0004-6361","1432-0746","ASTRONOMY & ASTROPHYSICS","SCIE","160,179","5.4","Q1","1.32"," 11/84 ","5.5","Q1","3.7","2.1"," 11/84 ","Q1","87.50","0.154","33.685","1.802","87.5","Q1",
"AMERICAN JOURNAL OF RESPIRATORY AND CRITICAL CARE MEDICINE","AM J RESP CRIT CARE","1073-449X","1535-4970","CRITICAL CARE MEDICINE","SCIE","67,296","19.3","Q1","4.11"," 3/54 ","20","Q1","18.2","7.2"," 3/55 ","Q1","95.45","0.065","14.109","7.577","95.4","Q1",
"AMERICAN JOURNAL OF RESPIRATORY AND CRITICAL CARE MEDICINE","AM J RESP CRIT CARE","1073-449X","1535-4970","RESPIRATORY SYSTEM","SCIE","67,296","19.3","Q1","4.11"," 3/100 ","20","Q1","18.2","7.2"," 3/101 ","Q1","97.52","0.065","14.109","7.577","97.5","Q1",
"MOLECULAR BIOLOGY AND EVOLUTION","MOL BIOL EVOL","0737-4038","1537-1719","BIOCHEMISTRY & MOLECULAR BIOLOGY","SCIE","62,418","11","Q1","2.47"," 16/313 ","14.5","Q1","10.7","1.2"," 10/313 ","Q1","96.96","0.065","14.125","5.276","95.0","Q1",
"MOLECULAR BIOLOGY AND EVOLUTION","MOL BIOL EVOL","0737-4038","1537-1719","EVOLUTIONARY BIOLOGY","SCIE","62,418","11","Q1","2.47"," 4/54 ","14.5","Q1","10.7","1.2"," 2/54 ","Q1","97.22","0.065","14.125","5.276","93.5","Q1",
"MOLECULAR BIOLOGY AND EVOLUTION","MOL BIOL EVOL","0737-4038","1537-1719","GENETICS & HEREDITY","SCIE","62,418","11","Q1","2.47"," 8/191 ","14.5","Q1","10.7","1.2"," 7/191 ","Q1","96.60","0.065","14.125","5.276","96.1","Q1",
"JOURNAL OF PEDIATRICS","J PEDIATR-US","0022-3476","1097-6833","PEDIATRICS","SCIE","34,444","3.9","Q1","1.75"," 14/186 ","4.4","Q1","3.8","0.9"," 7/186 ","Q1","96.51","0.028","6.182","1.625","92.7","Q1",
"Frontiers in Medicine","FRONT MED-LAUSANNE","N/A","2296-858X","MEDICINE, GENERAL & INTERNAL","SCIE","31,707","3.1","Q1","0.84"," 56/325 ","3.4","Q1","3","0.6"," 68/329 ","Q1","79.48","0.06","13.026","0.86","82.9","Q1",
"ADVANCED SYNTHESIS & CATALYSIS","ADV SYNTH CATAL","1615-4150","1615-4169","CHEMISTRY, APPLIED","SCIE","24,510","4.4","Q2","0.94"," 19/74 ","4.6","Q1","4.1","1"," 12/74 ","Q1","84.46","0.018","4.034","0.86","75.0","Q1",
"ADVANCED SYNTHESIS & CATALYSIS","ADV SYNTH CATAL","1615-4150","1615-4169","CHEMISTRY, ORGANIC","SCIE","24,510","4.4","Q1","0.94"," 8/58 ","4.6","Q1","4.1","1"," 9/58 ","Q1","85.34","0.018","4.034","0.86","87.1","Q1",
"WATER SCIENCE AND TECHNOLOGY","WATER SCI TECHNOL","0273-1223","1996-9732","ENGINEERING, ENVIRONMENTAL","SCIE","22,215","2.5","Q3","0.43"," 55/81 ","2.3","Q4","2.4","0.5"," 51/81 ","Q3","37.65","0.008","1.645","0.344","32.7","Q4",
"WATER SCIENCE AND TECHNOLOGY","WATER SCI TECHNOL","0273-1223","1996-9732","ENVIRONMENTAL SCIENCES","SCIE","22,215","2.5","Q3","0.43"," 209/358 ","2.3","Q3","2.4","0.5"," 250/359 ","Q3","30.50","0.008","1.645","0.344","41.8","Q4",
"WATER SCIENCE AND TECHNOLOGY","WATER SCI TECHNOL","0273-1223","1996-9732","WATER RESOURCES","SCIE","22,215","2.5","Q2","0.43"," 54/127 ","2.3","Q3","2.4","0.5"," 86/127 ","Q3","32.68","0.008","1.645","0.344","57.9","Q3",
"MICROCHIMICA ACTA","MICROCHIM ACTA","0026-3672","1436-5073","CHEMISTRY, ANALYTICAL","SCIE","21,995","5.3","Q1","1.31"," 16/106 ","5","Q1","5.1","1.3"," 12/106 ","Q1","89.15","0.018","3.84","0.708","85.4","Q1",
"JOURNAL OF MATERIALS IN CIVIL ENGINEERING","J MATER CIVIL ENG","0899-1561","1943-5533","CONSTRUCTION & BUILDING TECHNOLOGY","SCIE","21,601","3.1","Q2","0.68"," 28/91 ","3.6","Q2","2.8","0.9"," 30/91 ","Q2","67.58","0.012","2.73","0.645","69.8","Q2",
"JOURNAL OF MATERIALS IN CIVIL ENGINEERING","J MATER CIVIL ENG","0899-1561","1943-5533","ENGINEERING, CIVIL","SCIE","21,601","3.1","Q2","0.68"," 51/181 ","3.6","Q2","2.8","0.9"," 63/181 ","Q2","65.47","0.012","2.73","0.645","72.1","Q2",
"JOURNAL OF MATERIALS IN CIVIL ENGINEERING","J MATER CIVIL ENG","0899-1561","1943-5533","MATERIALS SCIENCE, MULTIDISCIPLINARY","SCIE","21,601","3.1","Q2","0.68"," 208/438 ","3.6","Q2","2.8","0.9"," 185/438 ","Q2","57.88","0.012","2.73","0.645","52.6","Q2",
"Biomedical Signal Processing and Control","BIOMED SIGNAL PROCES","1746-8094","1746-8108","ENGINEERING, BIOMEDICAL","SCIE","18,589","4.9","Q1","1.08"," 30/122 ","4.9","Q2","4.3","0.9"," 29/122 ","Q1","76.64","0.02","4.404","0.804","75.8","Q2",
"APPLIED BIOCHEMISTRY AND BIOTECHNOLOGY","APPL BIOCHEM BIOTECH","0273-2289","1559-0291","BIOCHEMISTRY & MOLECULAR BIOLOGY","SCIE","14,612","3.1","Q3","0.67"," 168/313 ","2.9","Q3","3","0.7"," 154/313 ","Q2","50.96","0.006","1.372","0.446","46.5","Q4",
"APPLIED BIOCHEMISTRY AND BIOTECHNOLOGY","APPL BIOCHEM BIOTECH","0273-2289","1559-0291","BIOTECHNOLOGY & APPLIED MICROBIOLOGY","SCIE","14,612","3.1","Q2","0.67"," 82/174 ","2.9","Q3","3","0.7"," 82/174 ","Q2","53.16","0.006","1.372","0.446","53.2","Q3",
"Cellular & Molecular Immunology","CELL MOL IMMUNOL","1672-7681","2042-0226","IMMUNOLOGY","SCIE","14,443","21.8","Q1","2.29"," 5/181 ","19.9","Q1","21.5","2.6"," 12/181 ","Q1","93.65","0.023","5.042","5.404","97.5","Q1",
"Cancer Cell International","CANCER CELL INT","N/A","1475-2867","ONCOLOGY","SCIE","13,672","5.3","Q1","1.12"," 61/322 ","5","Q1","5.3","0.9"," 65/322 ","Q1","79.97","0.018","4.009","0.999","81.2","Q2",
"CLINICAL AND EXPERIMENTAL IMMUNOLOGY","CLIN EXP IMMUNOL","0009-9104","1365-2249","IMMUNOLOGY","SCIE","13,159","3.4","Q3","0.61"," 93/181 ","4.1","Q2","3.3","0.8"," 98/181 ","Q3","46.13","0.006","1.362","1.105","48.9","Q2",
"CIRP ANNALS-MANUFACTURING TECHNOLOGY","CIRP ANN-MANUF TECHN","0007-8506","1726-0604","ENGINEERING, INDUSTRIAL","SCIE","12,263","3.2","Q2","0.65"," 26/69 ","4.3","Q2","2.8","0.5"," 30/69 ","Q2","57.25","0.005","1.153","0.877","63.0","Q2",
"CIRP ANNALS-MANUFACTURING TECHNOLOGY","CIRP ANN-MANUF TECHN","0007-8506","1726-0604","ENGINEERING, MANUFACTURING","SCIE","12,263","3.2","Q2","0.65"," 27/68 ","4.3","Q2","2.8","0.5"," 29/68 ","Q2","58.09","0.005","1.153","0.877","61.0","Q2",
"JOURNAL OF QUANTITATIVE SPECTROSCOPY & RADIATIVE TRANSFER","J QUANT SPECTROSC RA","0022-4073","1879-1352","OPTICS","SCIE","12,203","2.3","Q2","0.82"," 51/119 ","2.1","Q2","2","0.5"," 41/120 ","Q2","66.25","0.009","2.043","0.543","57.6","Q2",
"JOURNAL OF QUANTITATIVE SPECTROSCOPY & RADIATIVE TRANSFER","J QUANT SPECTROSC RA","0022-4073","1879-1352","SPECTROSCOPY","SCIE","12,203","2.3","Q2","0.82"," 17/44 ","2.1","Q2","2","0.5"," 14/44 ","Q2","69.32","0.009","2.043","0.543","62.5","Q2",
"GRAEFES ARCHIVE FOR CLINICAL AND EXPERIMENTAL OPHTHALMOLOGY","GRAEF ARCH CLIN EXP","0721-832X","1435-702X","OPHTHALMOLOGY","SCIE","11,383","2.4","Q2","0.99"," 31/95 ","2.7","Q2","2.3","0.5"," 30/95 ","Q2","68.95","0.012","2.536","0.778","67.9","Q2",
"DEEP-SEA RESEARCH PART II-TOPICAL STUDIES IN OCEANOGRAPHY","DEEP-SEA RES PT II","0967-0645","1879-0100","OCEANOGRAPHY","SCIE","11,010","2.3","Q2","0.9"," 23/65 ","2.7","Q2","2","1.2"," 17/65 ","Q2","74.62","0.004","0.951","0.803","65.4","Q2",
"CLINICAL CHEMISTRY AND LABORATORY MEDICINE","CLIN CHEM LAB MED","1434-6621","1437-4331","MEDICAL LABORATORY TECHNOLOGY","SCIE","10,836","3.8","Q1","1.81"," 6/30 ","3.9","Q1","3","1.2"," 3/30 ","Q1","91.67","0.009","1.903","0.881","81.7","Q1",
"TEXTILE RESEARCH JOURNAL","TEXT RES J","0040-5175","1746-7748","MATERIALS SCIENCE, TEXTILES","SCIE","9,781","1.6","Q2","0.52"," 13/29 ","2","Q2","1.4","0.3"," 11/29 ","Q2","63.79","0.004","0.893","0.294","56.9","Q2",
"HEALTH SERVICES RESEARCH","HEALTH SERV RES","0017-9124","1475-6773","HEALTH CARE SCIENCES & SERVICES","SCIE","9,713","3.1","Q2","1.04"," 44/174 ","3.7","Q2","2.9","0.5"," 41/175 ","Q1","76.86","0.014","3.141","2.079","75.0","Q1",
"HEALTH SERVICES RESEARCH","HEALTH SERV RES","0017-9124","1475-6773","HEALTH POLICY & SERVICES","SSCI","9,713","3.1","Q1","1.04"," 26/118 ","3.7","Q1","2.9","0.5"," 29/119 ","Q1","76.05","0.014","3.141","2.079","78.4","Q1",
"Journal of Cheminformatics","J CHEMINFORMATICS","1758-2946","1758-2946","CHEMISTRY, MULTIDISCIPLINARY","SCIE","9,430","7.1","Q1","1.54"," 42/230 ","9.3","Q1","6.5","1.4"," 30/231 ","Q1","87.23","0.007","1.615","2.304","82.0","Q1",
"Journal of Cheminformatics","J CHEMINFORMATICS","1758-2946","1758-2946","COMPUTER SCIENCE, INFORMATION SYSTEMS","SCIE","9,430","7.1","Q1","1.54"," 19/249 ","9.3","Q1","6.5","1.4"," 27/251 ","Q1","89.44","0.007","1.615","2.304","92.6","Q1",
"Journal of Cheminformatics","J CHEMINFORMATICS","1758-2946","1758-2946","COMPUTER SCIENCE, INTERDISCIPLINARY APPLICATIONS","SCIE","9,430","7.1","Q1","1.54"," 17/169 ","9.3","Q1","6.5","1.4"," 25/169 ","Q1","85.50","0.007","1.615","2.304","90.2","Q1",
"ENVIRONMENTAL ENTOMOLOGY","ENVIRON ENTOMOL","0046-225X","1938-2936","ENTOMOLOGY","SCIE","8,896","1.8","Q2","0.89"," 32/109 ","2","Q2","1.7","0.3"," 28/109 ","Q2","74.77","0.003","0.738","0.494","71.1","Q2",
"EUROPEAN JOURNAL OF PAIN","EUR J PAIN","1090-3801","1532-2149","ANESTHESIOLOGY","SCIE","8,847","3.5","Q1","1.03"," 12/64 ","3.8","Q1","3.2","0.6"," 15/64 ","Q1","77.34","0.008","1.677","1.158","82.0","Q1",
"EUROPEAN JOURNAL OF PAIN","EUR J PAIN","1090-3801","1532-2149","CLINICAL NEUROLOGY","SCIE","8,847","3.5","Q1","1.03"," 67/277 ","3.8","Q2","3.2","0.6"," 70/278 ","Q1","75.00","0.008","1.677","1.158","76.0","Q2",
"EUROPEAN JOURNAL OF PAIN","EUR J PAIN","1090-3801","1532-2149","NEUROSCIENCES","SCIE","8,847","3.5","Q2","1.03"," 109/310 ","3.8","Q2","3.2","0.6"," 86/310 ","Q1","72.42","0.008","1.677","1.158","65.0","Q2",
"DRYING TECHNOLOGY","DRY TECHNOL","0737-3937","1532-2300","ENGINEERING, CHEMICAL","SCIE","8,815","2.7","Q3","0.57"," 86/170 ","3.2","Q2","2.1","0.4"," 66/171 ","Q2","61.70","0.003","0.762","0.414","49.7","Q3",
"DRYING TECHNOLOGY","DRY TECHNOL","0737-3937","1532-2300","ENGINEERING, MECHANICAL","SCIE","8,815","2.7","Q2","0.57"," 59/180 ","3.2","Q2","2.1","0.4"," 77/180 ","Q2","57.50","0.003","0.762","0.414","67.5","Q2",
"Stata Journal","STATA J","1536-867X","1536-8734","SOCIAL SCIENCES, MATHEMATICAL METHODS","SSCI","8,354","3.2","Q1","1.71"," 8/67 ","6.3","Q1","3.1","0.2"," 6/67 ","Q1","91.79","0.006","1.35","3.018","88.8","Q1",
"Stata Journal","STATA J","1536-867X","1536-8734","STATISTICS & PROBABILITY","SCIE","8,354","3.2","Q1","1.71"," 12/168 ","6.3","Q1","3.1","0.2"," 9/168 ","Q1","94.94","0.006","1.35","3.018","93.2","Q1",
"AMERICAN JOURNAL OF HYPERTENSION","AM J HYPERTENS","0895-7061","1941-7225","PERIPHERAL VASCULAR DISEASE","SCIE","8,292","3.2","Q2","0.74"," 26/96 ","2.8","Q2","3.1","0.6"," 30/96 ","Q2","69.27","0.005","1.134","0.893","73.4","Q2",
"Annual Review of Pharmacology and Toxicology","ANNU REV PHARMACOL","0362-1642","1545-4304","PHARMACOLOGY & PHARMACY","SCIE","8,212","11.2","Q1","2.12"," 9/354 ","12.9","Q1","11.2","7.4"," 11/354 ","Q1","97.03","0.005","1.129","3.823","97.6","Q1",
"Annual Review of Pharmacology and Toxicology","ANNU REV PHARMACOL","0362-1642","1545-4304","TOXICOLOGY","SCIE","8,212","11.2","Q1","2.12"," 2/106 ","12.9","Q1","11.2","7.4"," 4/106 ","Q1","96.70","0.005","1.129","3.823","98.6","Q1",
"TRANSPORT IN POROUS MEDIA","TRANSPORT POROUS MED","0169-3913","1573-1634","ENGINEERING, CHEMICAL","SCIE","7,918","2.7","Q3","0.41"," 86/170 ","2.8","Q2","2.4","0.8"," 91/171 ","Q3","47.08","0.005","0.984","0.604","49.7","Q2",
"NMR IN BIOMEDICINE","NMR BIOMED","0952-3480","1099-1492","BIOPHYSICS","SCIE","7,848","2.7","Q2","0.86"," 35/77 ","3.2","Q2","2.4","0.5"," 14/77 ","Q1","82.47","0.008","1.807","1.125","55.2","Q1",
"NMR IN BIOMEDICINE","NMR BIOMED","0952-3480","1099-1492","RADIOLOGY, NUCLEAR MEDICINE & MEDICAL IMAGING","SCIE","7,848","2.7","Q2","0.86"," 68/204 ","3.2","Q2","2.4","0.5"," 63/204 ","Q1","69.36","0.008","1.807","1.125","66.9","Q1",
"NMR IN BIOMEDICINE","NMR BIOMED","0952-3480","1099-1492","SPECTROSCOPY","SCIE","7,848","2.7","Q1","0.86"," 11/44 ","3.2","Q1","2.4","0.5"," 11/44 ","Q1","76.14","0.008","1.807","1.125","76.1","Q1",
"JOURNAL OF MICROBIOLOGY AND BIOTECHNOLOGY","J MICROBIOL BIOTECHN","1017-7825","1738-8872","BIOTECHNOLOGY & APPLIED MICROBIOLOGY","SCIE","7,521","2.5","Q3","0.56"," 102/174 ","2.7","Q3","2.4","0.6"," 108/174 ","Q3","38.22","0.004","0.883","0.465","41.7","Q3",
"JOURNAL OF MICROBIOLOGY AND BIOTECHNOLOGY","J MICROBIOL BIOTECHN","1017-7825","1738-8872","MICROBIOLOGY","SCIE","7,521","2.5","Q3","0.56"," 99/161 ","2.7","Q3","2.4","0.6"," 94/161 ","Q3","41.93","0.004","0.883","0.465","38.8","Q3",
"Pan African Medical Journal","PAN AFR MED J","N/A","1937-8688","PUBLIC, ENVIRONMENTAL & OCCUPATIONAL HEALTH","ESCI","6,621","0.9","Q4","0.24"," 346/403 ","1","Q4","0.9","0.1"," 356/403 ","Q4","11.79","0.008","1.716","0.265","14.3","Q4",
"ACS Infectious Diseases","ACS INFECT DIS","2373-8227","N/A","CHEMISTRY, MEDICINAL","SCIE","6,249","4","Q2","1.06"," 24/72 ","4.3","Q2","3.8","1"," 19/72 ","Q1","74.31","0.01","2.194","1.065","67.4","Q1",
"ACS Infectious Diseases","ACS INFECT DIS","2373-8227","N/A","INFECTIOUS DISEASES","SCIE","6,249","4","Q1","1.06"," 30/132 ","4.3","Q1","3.8","1"," 29/132 ","Q1","78.41","0.01","2.194","1.065","77.7","Q2",
"Journal of Family Medicine and Primary Care","J FAM MED PRIM CARE","2249-4863","2278-7135","PRIMARY HEALTH CARE","ESCI","6,177","1.1","Q4","0.63"," 27/30 ","N/A","N/A","1","0.1"," 26/30 ","Q4","15.00","0.01","2.079","N/A","11.7","N/A",
"MICROBES AND INFECTION","MICROBES INFECT","1286-4579","1769-714X","IMMUNOLOGY","SCIE","6,101","2.6","Q3","1.08"," 127/181 ","3","Q3","2.5","0.9"," 36/181 ","Q1","80.39","0.002","0.433","0.67","30.1","Q3",
"MICROBES AND INFECTION","MICROBES INFECT","1286-4579","1769-714X","INFECTIOUS DISEASES","SCIE","6,101","2.6","Q3","1.08"," 69/132 ","3","Q2","2.5","0.9"," 27/132 ","Q1","79.92","0.002","0.433","0.67","48.1","Q3",
"MICROBES AND INFECTION","MICROBES INFECT","1286-4579","1769-714X","MICROBIOLOGY","SCIE","6,101","2.6","Q3","1.08"," 92/161 ","3","Q3","2.5","0.9"," 34/161 ","Q1","79.19","0.002","0.433","0.67","43.2","Q3",
"JOURNAL OF FOOD PROCESS ENGINEERING","J FOOD PROCESS ENG","0145-8876","1745-4530","ENGINEERING, CHEMICAL","SCIE","5,947","2.7","Q3","0.49"," 86/170 ","2.9","Q2","2.4","0.5"," 79/171 ","Q2","54.09","0.005","1.037","0.413","49.7","Q3",
"JOURNAL OF FOOD PROCESS ENGINEERING","J FOOD PROCESS ENG","0145-8876","1745-4530","FOOD SCIENCE & TECHNOLOGY","SCIE","5,947","2.7","Q2","0.49"," 82/173 ","2.9","Q3","2.4","0.5"," 106/173 ","Q2","39.02","0.005","1.037","0.413","52.9","Q3",
"PLANT ECOLOGY","PLANT ECOL","1385-0237","1573-5052","ECOLOGY","SCIE","5,936","1.9","Q3","0.57"," 107/195 ","1.9","Q3","1.9","0.5"," 110/195 ","Q2","43.85","0.002","0.389","0.433","45.4","Q3",
"PLANT ECOLOGY","PLANT ECOL","1385-0237","1573-5052","FORESTRY","SCIE","5,936","1.9","Q2","0.57"," 30/89 ","1.9","Q2","1.9","0.5"," 43/89 ","Q2","52.25","0.002","0.389","0.433","66.9","Q2",
"PLANT ECOLOGY","PLANT ECOL","1385-0237","1573-5052","PLANT SCIENCES","SCIE","5,936","1.9","Q2","0.57"," 121/265 ","1.9","Q3","1.9","0.5"," 118/265 ","Q2","55.66","0.002","0.389","0.433","54.5","Q2",
"NEUROSCIENTIST","NEUROSCIENTIST","1073-8584","1089-4098","CLINICAL NEUROLOGY","SCIE","5,700","3.5","Q1","0.94"," 67/277 ","5.7","Q1","3.5","1.2"," 82/278 ","Q2","70.68","0.004","0.79","1.717","76.0","Q1",
"NEUROSCIENTIST","NEUROSCIENTIST","1073-8584","1089-4098","NEUROSCIENCES","SCIE","5,700","3.5","Q2","0.94"," 109/310 ","5.7","Q1","3.5","1.2"," 105/310 ","Q2","66.29","0.004","0.79","1.717","65.0","Q1",
"INTERNATIONAL ARCHIVES OF ALLERGY AND IMMUNOLOGY","INT ARCH ALLERGY IMM","1018-2438","1423-0097","ALLERGY","SCIE","5,444","2.5","Q3","0.5"," 22/39 ","2.6","Q3","2.4","0.5"," 20/39 ","Q3","50.00","0.003","0.658","0.59","44.9","Q3",
"INTERNATIONAL ARCHIVES OF ALLERGY AND IMMUNOLOGY","INT ARCH ALLERGY IMM","1018-2438","1423-0097","IMMUNOLOGY","SCIE","5,444","2.5","Q3","0.5"," 131/181 ","2.6","Q3","2.4","0.5"," 125/181 ","Q3","31.22","0.003","0.658","0.59","27.9","Q3",
"PRECISION AGRICULTURE","PRECIS AGRIC","1385-2256","1573-1618","AGRICULTURE, MULTIDISCIPLINARY","SCIE","4,935","5.4","Q1","1.88"," 8/89 ","6.1","Q1","5.1","1"," 4/89 ","Q1","96.07","0.004","0.792","0.978","91.6","Q1",
"IEEE Transactions on Control of Network Systems","IEEE T CONTROL NETW","2325-5870","2372-2533","AUTOMATION & CONTROL SYSTEMS","SCIE","4,833","4","Q2","0.96"," 23/84 ","4.3","Q2","3.7","1.3"," 23/84 ","Q2","73.21","0.012","2.688","1.841","73.2","Q1",
"IEEE Transactions on Control of Network Systems","IEEE T CONTROL NETW","2325-5870","2372-2533","COMPUTER SCIENCE, INFORMATION SYSTEMS","SCIE","4,833","4","Q1","0.96"," 62/249 ","4.3","Q1","3.7","1.3"," 80/251 ","Q2","68.33","0.012","2.688","1.841","75.3","Q1",
"BMJ Open Diabetes Research & Care","BMJ OPEN DIAB RES CA","N/A","2052-4897","ENDOCRINOLOGY & METABOLISM","SCIE","4,674","3.7","Q2","0.93"," 62/186 ","4","Q2","3.7","0.6"," 52/186 ","Q2","72.31","0.011","2.317","1.403","66.9","Q1",
"IEEE CONTROL SYSTEMS MAGAZINE","IEEE CONTR SYST MAG","1066-033X","1941-000X","AUTOMATION & CONTROL SYSTEMS","SCIE","4,544","3.9","Q2","0.63"," 24/84 ","6.4","Q1","3.8","2.2"," 36/84 ","Q2","57.74","0.002","0.464","2.289","72.0","Q1",
"SURGICAL CLINICS OF NORTH AMERICA","SURG CLIN N AM","0039-6109","1558-3171","SURGERY","SCIE","4,511","2.1","Q2","1.07"," 98/290 ","3.3","Q1","2.1","0.2"," 58/290 ","Q1","80.17","0.003","0.625","0.81","66.4","Q2",
"Friction","FRICTION","2223-7690","2223-7704","ENGINEERING, MECHANICAL","SCIE","4,453","6.3","Q1","1.46"," 8/180 ","6.6","Q1","5.7","2.7"," 11/180 ","Q1","94.17","0.004","0.953","1.091","95.8","Q1",
"CONSERVATION GENETICS","CONSERV GENET","1566-0621","1572-9737","BIODIVERSITY CONSERVATION","SCIE","4,159","2","Q2","0.52"," 33/74 ","2.2","Q2","1.8","0.4"," 35/74 ","Q2","53.38","0.003","0.566","0.659","56.1","Q2",
"CONSERVATION GENETICS","CONSERV GENET","1566-0621","1572-9737","GENETICS & HEREDITY","SCIE","4,159","2","Q3","0.52"," 123/191 ","2.2","Q3","1.8","0.4"," 123/191 ","Q2","35.86","0.003","0.566","0.659","35.9","Q3",
"CELL STRESS & CHAPERONES","CELL STRESS CHAPERON","1355-8145","1466-1268","CELL BIOLOGY","SCIE","4,113","3.3","Q3","0.5"," 117/205 ","3.5","Q3","3.1","0.6"," 143/205 ","Q3","30.49","0.003","0.616","0.756","43.2","Q3",
"ACTA ODONTOLOGICA SCANDINAVICA","ACTA ODONTOL SCAND","0001-6357","1502-3850","DENTISTRY, ORAL SURGERY & MEDICINE","SCIE","4,030","1.4","Q3","0.65"," 95/157 ","2","Q3","1.4","0.2"," 90/157 ","Q3","42.99","0.002","0.38","0.462","39.8","Q2",
"REPRODUCTION FERTILITY AND DEVELOPMENT","REPROD FERT DEVELOP","1031-3613","1448-5990","DEVELOPMENTAL BIOLOGY","SCIE","3,924","1.8","Q3","0.63"," 25/39 ","1.8","Q4","1.8","0.6"," 19/39 ","Q2","52.56","0.002","0.48","0.421","37.2","Q4",
"REPRODUCTION FERTILITY AND DEVELOPMENT","REPROD FERT DEVELOP","1031-3613","1448-5990","REPRODUCTIVE BIOLOGY","SCIE","3,924","1.8","Q4","0.63"," 30/39 ","1.8","Q4","1.8","0.6"," 28/39 ","Q2","29.49","0.002","0.48","0.421","24.4","Q4",
"REPRODUCTION FERTILITY AND DEVELOPMENT","REPROD FERT DEVELOP","1031-3613","1448-5990","ZOOLOGY","SCIE","3,924","1.8","Q1","0.63"," 43/180 ","1.8","Q2","1.8","0.6"," 87/180 ","Q2","51.94","0.002","0.48","0.421","76.4","Q2",
"NUCLEAR TECHNOLOGY","NUCL TECHNOL","0029-5450","1943-7471","NUCLEAR SCIENCE & TECHNOLOGY","SCIE","3,524","1.5","Q2","0.63"," 17/40 ","1.4","Q3","1.4","0.5"," 16/40 ","Q2","61.25","0.002","0.47","0.361","58.8","Q2",
"JOURNAL OF DAIRY RESEARCH","J DAIRY RES","0022-0299","1469-7629","AGRICULTURE, DAIRY & ANIMAL SCIENCE","SCIE","3,510","1.6","Q2","0.56"," 34/80 ","1.9","Q2","1.6","0.3"," 42/80 ","Q3","48.13","0.001","0.286","0.37","58.1","Q2",
"JOURNAL OF DAIRY RESEARCH","J DAIRY RES","0022-0299","1469-7629","FOOD SCIENCE & TECHNOLOGY","SCIE","3,510","1.6","Q3","0.56"," 126/173 ","1.9","Q3","1.6","0.3"," 92/173 ","Q3","47.11","0.001","0.286","0.37","27.5","Q3",
"Indian Journal of Anaesthesia","INDIAN J ANAESTH","0019-5049","0976-2817","ANESTHESIOLOGY","ESCI","3,474","2.9","Q1","1"," 14/64 ","2.6","Q2","1.3","0.6"," 16/64 ","Q1","75.78","0.003","0.568","0.481","78.9","Q3",
"MECHANICS BASED DESIGN OF STRUCTURES AND MACHINES","MECH BASED DES STRUC","1539-7734","1539-7742","MECHANICS","SCIE","3,431","2.9","Q2","0.8"," 51/170 ","3.6","Q1","2.5","0.7"," 58/170 ","Q2","66.18","0.003","0.707","0.48","70.3","Q2",
"Journal of Oleo Science","J OLEO SCI","1345-8957","1347-3352","CHEMISTRY, APPLIED","SCIE","3,361","1.6","Q3","0.32"," 48/74 ","1.8","Q3","1.5","0.4"," 51/74 ","Q3","31.76","0.002","0.393","0.258","35.8","Q3",
"Journal of Oleo Science","J OLEO SCI","1345-8957","1347-3352","FOOD SCIENCE & TECHNOLOGY","SCIE","3,361","1.6","Q3","0.32"," 126/173 ","1.8","Q3","1.5","0.4"," 133/173 ","Q3","23.41","0.002","0.393","0.258","27.5","Q4",
"Pediatric Obesity","PEDIATR OBES","2047-6310","2047-6302","PEDIATRICS","SCIE","3,246","2.7","Q1","1.38"," 38/186 ","3.3","Q1","2.6","0.6"," 16/186 ","Q1","91.67","0.005","1.064","1.018","79.8","Q1",
"Journal of Innate Immunity","J INNATE IMMUN","1662-811X","1662-8128","IMMUNOLOGY","SCIE","3,076","4.7","Q2","0.8"," 54/181 ","5.7","Q1","4.6","0.5"," 62/181 ","Q2","66.02","0.003","0.556","1.428","70.4","Q2",
"IEEE Transactions on Human-Machine Systems","IEEE T HUM-MACH SYST","2168-2291","2168-2305","COMPUTER SCIENCE, ARTIFICIAL INTELLIGENCE","SCIE","2,776","3.5","Q2","0.56"," 75/197 ","3.9","Q2","3.4","0.7"," 113/198 ","Q2","43.18","0.003","0.63","0.861","62.2","Q2",
"IEEE Transactions on Human-Machine Systems","IEEE T HUM-MACH SYST","2168-2291","2168-2305","COMPUTER SCIENCE, CYBERNETICS","SCIE","2,776","3.5","Q1","0.56"," 8/32 ","3.9","Q2","3.4","0.7"," 11/32 ","Q2","67.19","0.003","0.63","0.861","76.6","Q1",
"Asian Spine Journal","ASIAN SPINE J","1976-1902","1976-7846","ORTHOPEDICS","ESCI","2,645","2.3","Q2","1.1"," 38/136 ","2.3","Q2","2.2","0.5"," 31/136 ","Q1","77.57","0.003","0.719","0.651","72.4","Q2",
"JOURNAL OF INFORMATION TECHNOLOGY","J INF TECHNOL-UK","0268-3962","1466-4437","COMPUTER SCIENCE, INFORMATION SYSTEMS","SCIE","2,508","5.8","Q1","1.1"," 33/249 ","7.7","Q1","4.9","0.9"," 63/251 ","Q1","75.10","0.002","0.342","1.945","86.9","Q1",
"JOURNAL OF INFORMATION TECHNOLOGY","J INF TECHNOL-UK","0268-3962","1466-4437","INFORMATION SCIENCE & LIBRARY SCIENCE","SSCI","2,508","5.8","Q1","1.1"," 16/160 ","7.7","Q1","4.9","0.9"," 34/161 ","Q1","79.19","0.002","0.342","1.945","90.3","Q1",
"JOURNAL OF INFORMATION TECHNOLOGY","J INF TECHNOL-UK","0268-3962","1466-4437","MANAGEMENT","SSCI","2,508","5.8","Q1","1.1"," 68/401 ","7.7","Q1","4.9","0.9"," 109/402 ","Q1","73.01","0.002","0.342","1.945","83.2","Q1",
"Journal of Dynamics and Differential Equations","J DYN DIFFER EQU","1040-7294","1572-9222","MATHEMATICS","SCIE","2,365","1.4","Q1","0.95"," 57/489 ","1.7","Q1","1.3","0.2"," 94/489 ","Q1","80.88","0.005","1.186","0.963","88.4","Q1",
"Journal of Dynamics and Differential Equations","J DYN DIFFER EQU","1040-7294","1572-9222","MATHEMATICS, APPLIED","SCIE","2,365","1.4","Q2","0.95"," 102/331 ","1.7","Q2","1.3","0.2"," 91/331 ","Q1","72.66","0.005","1.186","0.963","69.3","Q1",
"OPHTHALMIC EPIDEMIOLOGY","OPHTHAL EPIDEMIOL","0928-6586","1744-5086","OPHTHALMOLOGY","SCIE","2,352","1.7","Q3","0.65"," 52/95 ","1.9","Q3","1.6","0.2"," 52/95 ","Q3","45.79","0.002","0.507","0.705","45.8","Q2",
"JOURNAL OF FOOD SAFETY","J FOOD SAFETY","0149-6085","1745-4565","BIOTECHNOLOGY & APPLIED MICROBIOLOGY","SCIE","2,263","1.9","Q4","0.45"," 135/174 ","2.2","Q3","1.8","0.6"," 135/174 ","Q3","22.70","0.002","0.349","0.332","22.7","Q4",
"JOURNAL OF FOOD SAFETY","J FOOD SAFETY","0149-6085","1745-4565","FOOD SCIENCE & TECHNOLOGY","SCIE","2,263","1.9","Q3","0.45"," 113/173 ","2.2","Q3","1.8","0.6"," 116/173 ","Q3","33.24","0.002","0.349","0.332","35.0","Q3",
"Journal of Nutritional Science","J NUTR SCI","2048-6790","N/A","NUTRITION & DIETETICS","ESCI","2,233","2.4","Q3","0.48"," 67/114 ","2.9","Q3","2.4","0.4"," 72/114 ","Q3","37.28","0.002","0.437","0.747","41.7","Q3",
"ZOOLOGICAL RESEARCH","ZOOL RES","2095-8137","2095-8137","ZOOLOGY","SCIE","2,141","4","Q1","2.36"," 4/180 ","4.5","Q1","3.6","1.4"," 2/180 ","Q1","99.17","0.003","0.692","1.24","98.1","Q1",
"Spanish Journal of Psychology","SPAN J PSYCHOL","1138-7416","1988-2904","PSYCHOLOGY","SCIE","2,103","2.9","Q1","0.69"," 23/92 ","2","Q3","2.9","0.2"," 42/92 ","Q2","54.89","0.001","0.26","0.556","75.5","Q3",
"Spanish Journal of Psychology","SPAN J PSYCHOL","1138-7416","1988-2904","PSYCHOLOGY, MULTIDISCIPLINARY","SSCI","2,103","2.9","Q1","0.69"," 46/218 ","2","Q2","2.9","0.2"," 103/218 ","Q2","52.98","0.001","0.26","0.556","79.1","Q3",
"Hormones-International Journal of Endocrinology and Metabolism","HORM-INT J ENDOCRINO","1109-3099","2520-8721","ENDOCRINOLOGY & METABOLISM","SCIE","2,065","2.4","Q3","0.51"," 121/186 ","3.1","Q3","2.2","1.2"," 129/186 ","Q3","30.91","0.002","0.433","0.681","35.2","Q3",
"European Journal of Emergency Medicine","EUR J EMERG MED","0969-9546","1473-5695","EMERGENCY MEDICINE","SCIE","1,857","3.1","Q1","1.13"," 7/54 ","2.6","Q1","2.3","1.2"," 11/54 ","Q1","80.56","0.002","0.413","0.778","88.0","Q1",
"RAIRO-OPERATIONS RESEARCH","RAIRO-OPER RES","0399-0559","2804-7303","OPERATIONS RESEARCH & MANAGEMENT SCIENCE","SCIE","1,737","1.8","Q3","0.47"," 60/106 ","1.6","Q4","1.5","0.3"," 60/106 ","Q3","43.87","0.002","0.447","0.295","43.9","Q4",
"Surgical Oncology Clinics of North America","SURG ONCOL CLIN N AM","1055-3207","1558-5042","ONCOLOGY","SCIE","1,702","2.4","Q3","0.71"," 193/322 ","2.8","Q3","2.4","0.3"," 141/322 ","Q2","56.37","0.002","0.365","0.79","40.2","Q3",
"Surgical Oncology Clinics of North America","SURG ONCOL CLIN N AM","1055-3207","1558-5042","SURGERY","SCIE","1,702","2.4","Q2","0.71"," 73/290 ","2.8","Q2","2.4","0.3"," 129/290 ","Q2","55.69","0.002","0.365","0.79","75.0","Q2",
"JOURNAL OF THE MATHEMATICAL SOCIETY OF JAPAN","J MATH SOC JPN","0025-5645","N/A","MATHEMATICS","SCIE","1,664","0.7","Q2","0.63"," 217/489 ","0.6","Q3","0.6","0.3"," 218/489 ","Q2","55.52","0.001","0.304","0.637","55.7","Q2",
"Evolutionary Biology","EVOL BIOL","0071-3260","1934-2845","EVOLUTIONARY BIOLOGY","SCIE","1,657","1.9","Q3","0.56"," 37/54 ","2.2","Q3","1.9","0.6"," 39/54 ","Q3","28.70","0.001","0.206","0.742","32.4","Q3",
"WATER AND ENVIRONMENT JOURNAL","WATER ENVIRON J","1747-6585","1747-6593","ENVIRONMENTAL SCIENCES","SCIE","1,594","1.7","Q4","0.45"," 274/358 ","1.8","Q4","1.7","0.5"," 243/359 ","Q3","32.45","0.001","0.263","0.303","23.6","Q4",
"WATER AND ENVIRONMENT JOURNAL","WATER ENVIRON J","1747-6585","1747-6593","LIMNOLOGY","SCIE","1,594","1.7","Q2","0.45"," 11/22 ","1.8","Q3","1.7","0.5"," 16/22 ","Q3","29.55","0.001","0.263","0.303","52.3","Q4",
"WATER AND ENVIRONMENT JOURNAL","WATER ENVIRON J","1747-6585","1747-6593","WATER RESOURCES","SCIE","1,594","1.7","Q3","0.45"," 83/127 ","1.8","Q3","1.7","0.5"," 83/127 ","Q3","35.04","0.001","0.263","0.303","35.0","Q3",
"Fire Ecology","FIRE ECOL","1933-9747","1933-9747","ECOLOGY","SCIE","1,543","3.6","Q1","1.23"," 46/195 ","4.6","Q1","3.2","1.5"," 29/195 ","Q1","85.38","0.002","0.336","1.183","76.7","Q1",
"Fire Ecology","FIRE ECOL","1933-9747","1933-9747","FORESTRY","SCIE","1,543","3.6","Q1","1.23"," 7/89 ","4.6","Q1","3.2","1.5"," 8/89 ","Q1","91.57","0.002","0.336","1.183","92.7","Q1",
"Contemporary Nurse","CONTEMP NURSE","1037-6178","1839-3535","NURSING","SCIE, SSCI","1,541","1.2","Q3","0.72"," 118/191 ","1.9","Q2","1.1","0.2"," 92/191 ","Q2","52.09","0.001","0.158","0.489","38.5","Q2",
"Infectious Disease Modelling","INFECT DIS MODEL","N/A","2468-0427","INFECTIOUS DISEASES","ESCI","1,528","3","Q2","1.68"," 54/132 ","4.2","Q2","2.9","0.6"," 12/132 ","Q1","91.29","0.002","0.496","0.932","59.5","Q2",
"Infectious Disease Modelling","INFECT DIS MODEL","N/A","2468-0427","MATHEMATICAL & COMPUTATIONAL BIOLOGY","ESCI","1,528","3","Q1","1.68"," 15/65 ","4.2","Q1","2.9","0.6"," 6/65 ","Q1","91.54","0.002","0.496","0.932","77.7","Q2",
"JOURNAL OF COMPUTER SCIENCE AND TECHNOLOGY","J COMPUT SCI TECH-CH","1000-9000","1860-4749","COMPUTER SCIENCE, HARDWARE & ARCHITECTURE","SCIE","1,518","1.2","Q4","0.41"," 50/59 ","1.7","Q3","1.2","0.2"," 44/59 ","Q3","26.27","0.001","0.314","0.405","16.1","Q3",
"JOURNAL OF COMPUTER SCIENCE AND TECHNOLOGY","J COMPUT SCI TECH-CH","1000-9000","1860-4749","COMPUTER SCIENCE, SOFTWARE ENGINEERING","SCIE","1,518","1.2","Q3","0.41"," 98/131 ","1.7","Q3","1.2","0.2"," 94/131 ","Q3","28.63","0.001","0.314","0.405","25.6","Q3",
"MACHINING SCIENCE AND TECHNOLOGY","MACH SCI TECHNOL","1091-0344","1532-2483","ENGINEERING, MANUFACTURING","SCIE","1,507","2.7","Q2","0.47"," 32/68 ","3.2","Q2","2.6","0.3"," 43/68 ","Q3","37.50","0.001","0.158","0.504","53.7","Q3",
"MACHINING SCIENCE AND TECHNOLOGY","MACH SCI TECHNOL","1091-0344","1532-2483","ENGINEERING, MECHANICAL","SCIE","1,507","2.7","Q2","0.47"," 59/180 ","3.2","Q2","2.6","0.3"," 97/180 ","Q3","46.39","0.001","0.158","0.504","67.5","Q2",
"MACHINING SCIENCE AND TECHNOLOGY","MACH SCI TECHNOL","1091-0344","1532-2483","MATERIALS SCIENCE, MULTIDISCIPLINARY","SCIE","1,507","2.7","Q3","0.47"," 238/438 ","3.2","Q2","2.6","0.3"," 255/438 ","Q3","41.89","0.001","0.158","0.504","45.8","Q3",
"NPJ Microgravity","NPJ MICROGRAVITY","N/A","2373-8065","MULTIDISCIPLINARY SCIENCES","SCIE","1,394","4.4","Q1","1.03"," 20/134 ","4.9","Q1","4","1.2"," 25/135 ","Q1","81.85","0.002","0.467","1.29","85.4","Q1",
"Smart Learning Environments","SMART LEARN ENVIRON","N/A","2196-7091","EDUCATION & EDUCATIONAL RESEARCH","ESCI","1,359","6.7","Q1","3.04"," 6/756 ","N/A","N/A","6.5","3.1"," 11/756 ","Q1","98.61","0.001","0.32","N/A","99.3","N/A",
"International Journal of Sustainable Energy","INT J SUSTAIN ENERGY","1478-6451","1478-646X","ENERGY & FUELS","ESCI","1,340","2","Q4","0.31"," 129/170 ","2.2","Q3","2","0.6"," 145/173 ","Q4","16.47","0.001","0.225","0.371","24.4","Q3",
"Acta Clinica Croatica","ACTA CLIN CROAT","0353-9466","1333-9451","MEDICINE, GENERAL & INTERNAL","SCIE","1,277","0.7","Q3","0.17"," 207/325 ","1.2","Q3","0.6","<0.1"," 217/329 ","Q3","34.19","0.001","0.326","0.271","36.5","Q3",
"Water Practice and Technology","WATER PRACT TECHNOL","N/A","1751-231X","WATER RESOURCES","ESCI","1,253","1.6","Q3","0.37"," 90/127 ","1.3","Q4","1.5","0.4"," 95/127 ","Q3","25.59","0.001","0.208","0.185","29.5","Q4",
"PRESLIA","PRESLIA","0032-7786","2570-950X","PLANT SCIENCES","SCIE","1,171","4.4","Q1","0.96"," 38/265 ","3.9","Q1","4","0.6"," 55/265 ","Q1","79.43","0.001","0.132","0.971","85.8","Q1",
"TURKISH JOURNAL OF EARTH SCIENCES","TURK J EARTH SCI","1300-0985","1300-0985","GEOSCIENCES, MULTIDISCIPLINARY","SCIE","1,151","1.3","Q3","0.32"," 179/253 ","1.3","Q3","1","0.3"," 193/253 ","Q4","23.91","0","N/A","N/A","29.4","N/A",
"Palaeoworld","PALAEOWORLD","1871-174X","1875-5887","PALEONTOLOGY","SCIE","1,128","1.7","Q2","1"," 20/56 ","1.8","Q2","1.7","2.3"," 10/56 ","Q1","83.04","0.001","0.253","0.559","65.2","Q1",
"PROCEEDINGS OF THE EDINBURGH MATHEMATICAL SOCIETY","P EDINBURGH MATH SOC","0013-0915","1464-3839","MATHEMATICS","SCIE","1,067","0.7","Q2","0.63"," 217/489 ","0.7","Q2","0.6","0.2"," 218/489 ","Q2","55.52","0.001","0.319","0.589","55.7","Q2",
"Seminars in Orthodontics","SEMIN ORTHOD","1073-8746","1558-4631","DENTISTRY, ORAL SURGERY & MEDICINE","SCIE","1,038","2.2","Q2","1.05"," 52/157 ","1.9","Q3","1.7","1"," 44/157 ","Q2","72.29","0","0.08","0.327","67.2","Q3",
"INTERNATIONAL JOURNAL OF CAST METALS RESEARCH","INT J CAST METAL RES","1364-0461","1743-1336","METALLURGY & METALLURGICAL ENGINEERING","SCIE","942","1.3","Q3","0.28"," 53/90 ","1.3","Q3","1.2","0.2"," 55/91 ","Q3","40.11","0","0.046","0.202","41.7","Q3",
"Teaching and Learning in Nursing","TEACH LEARN NURS","1557-3087","1557-2013","NURSING","ESCI","937","1.9","Q2","1.01"," 67/191 ","1.9","Q2","1.7","0.3"," 47/191 ","Q1","75.65","0.001","0.249","0.41","65.2","Q3",
"HETEROATOM CHEMISTRY","HETEROATOM CHEM","1042-7163","1098-1071","CHEMISTRY, MULTIDISCIPLINARY","SCIE","908","1.1","Q3","0.07"," 167/230 ","1.2","Q3","1.1","0.7"," 209/231 ","Q4","9.74","0","0.033","0.187","27.6","Q3",
"REVISTA IBEROAMERICANA DE MICOLOGIA","REV IBEROAM MICOL","1130-1406","N/A","MYCOLOGY","SCIE","888","1.5","Q4","0.35"," 28/33 ","1.5","Q4","1.5","0.2"," 31/33 ","Q4","7.58","0","0.074","0.313","16.7","Q4",
"Environmental Microbiome","ENVIRON MICROBIOME","N/A","2524-6372","GENETICS & HEREDITY","SCIE","844","6.2","Q1","1.66"," 23/191 ","7.1","Q1","6.1","1"," 15/191 ","Q1","92.41","0.001","0.32","1.635","88.2","Q1",
"Environmental Microbiome","ENVIRON MICROBIOME","N/A","2524-6372","MICROBIOLOGY","SCIE","844","6.2","Q1","1.66"," 18/161 ","7.1","Q1","6.1","1"," 16/161 ","Q1","90.37","0.001","0.32","1.635","89.1","Q1",
"ACTA GEOLOGICA POLONICA","ACTA GEOL POL","0001-5709","2300-1887","GEOLOGY","SCIE","844","1.1","Q3","0.55"," 34/60 ","0.9","Q3","0.9","0.4"," 32/60 ","Q3","47.50","0","0.046","0.214","44.2","Q3",
"Teaching Exceptional Children","TEACH EXCEPT CHILD","0040-0599","2163-5684","EDUCATION, SPECIAL","ESCI","844","0.9","Q3","1.01"," 46/62 ","1.1","Q4","0.8","0.1"," 34/62 ","Q3","45.97","0.001","0.186","0.373","26.6","Q4",
"British Journal of Pain","BRIT J PAIN","2049-4637","2049-4645","CLINICAL NEUROLOGY","ESCI","842","1.3","Q4","0.42"," 221/277 ","1.8","Q4","1.2","0.1"," 221/278 ","Q4","20.68","0.001","0.191","0.507","20.4","Q4",
"Annales de Chirurgie Plastique Esthetique","ANN CHIR PLAST ESTH","0294-1260","1768-319X","SURGERY","SCIE","808","0.4","Q4","0.27"," 260/290 ","0.8","Q4","0.4","0.1"," 231/290 ","Q4","20.52","0.001","0.133","0.225","10.5","Q4",
"Analytical & Bioanalytical Electrochemistry","ANAL BIOANAL ELECTRO","2008-4226","2008-4226","ELECTROCHEMISTRY","ESCI","737","1.2","Q4","0.2"," 38/45 ","1.2","Q4","1","0.4"," 38/45 ","Q4","16.67","0","0.106","0.14","16.7","Q4",
"Soil Ecology Letters","SOIL ECOL LETT","2662-2289","2662-2297","ECOLOGY","ESCI","648","4.5","Q1","1.01"," 30/195 ","4.3","Q1","4.2","2.2"," 44/195 ","Q1","77.69","0.001","0.229","0.949","84.9","Q2",
"Soil Ecology Letters","SOIL ECOL LETT","2662-2289","2662-2297","SOIL SCIENCE","ESCI","648","4.5","Q1","1.01"," 12/49 ","4.3","Q2","4.2","2.2"," 13/49 ","Q1","74.49","0.001","0.229","0.949","76.5","Q1",
"Engenharia Sanitaria e Ambiental","ENG SANIT AMBIENT","1413-4152","1809-4457","WATER RESOURCES","SCIE","641","0.4","Q4","0.09"," 123/127 ","0.5","Q4","0.4","0.2"," 122/127 ","Q4","4.33","0","0.083","0.081","3.5","Q4",
"Inorganic Materials-Applied Research","INORG MATER-APPL RES","2075-1133","2075-115X","MATERIALS SCIENCE, MULTIDISCIPLINARY","ESCI","627","0.5","Q4","0.09"," 421/438 ","N/A","N/A","0.4","<0.1"," 419/438 ","Q4","4.45","0.001","0.116","N/A","4.0","N/A",
"Eastern Economic Journal","EAST ECON J","0094-5056","1939-4632","ECONOMICS","ESCI","597","1.1","Q3","0.32"," 366/597 ","1","Q3","1","0.1"," 400/600 ","Q3","33.42","0","0.103","0.399","38.8","Q3",
"University Politehnica of Bucharest Scientific Bulletin-Series A-Applied Mathematics and Physics","U POLITEH BUCH SER A","1223-7027","N/A","MATHEMATICS, APPLIED","SCIE","562","0.7","Q3","0.34"," 236/331 ","0.7","Q3","0.6","0.2"," 265/331 ","Q3","20.09","0.001","0.132","0.142","28.9","Q4",
"University Politehnica of Bucharest Scientific Bulletin-Series A-Applied Mathematics and Physics","U POLITEH BUCH SER A","1223-7027","N/A","PHYSICS, MULTIDISCIPLINARY","SCIE","562","0.7","Q3","0.34"," 81/110 ","0.7","Q3","0.6","0.2"," 67/110 ","Q3","39.55","0.001","0.132","0.142","26.8","Q3",
"Current Dermatology Reports","CURR DERMATOL REP","2162-4933","2162-4933","DERMATOLOGY","ESCI","558","2.4","Q2","0.7"," 39/94 ","2.3","Q2","2.3","0.2"," 43/94 ","Q2","54.79","0.001","0.146","0.515","59.0","Q3",
"Probability Surveys","PROBAB SURV","1549-5787","1549-5787","STATISTICS & PROBABILITY","ESCI","538","1.3","Q2","0.95"," 65/168 ","1.8","Q2","1.3","0.8"," 21/168 ","Q1","87.80","0.001","0.127","1.944","61.6","Q1",
"Neurology Research International","NEUROL RES INT","2090-1852","2090-1860","NEUROSCIENCES","ESCI","528","1.7","Q4","0.35"," 251/310 ","1.8","Q4","1.7","<0.1"," 275/310 ","Q4","11.45","0","0.082","0.455","19.2","Q4",
"Enseignement Mathematique","ENSEIGN MATH","0013-8584","2309-4672","MATHEMATICS","ESCI","524","0.4","Q4","0.37"," 379/489 ","0.6","Q3","0.4","0.3"," 393/489 ","Q4","19.73","0.001","0.132","0.847","22.6","Q1",
"Information Security Journal","INF SECUR J","1939-3555","1939-3547","COMPUTER SCIENCE, INFORMATION SYSTEMS","ESCI","522","1.6","Q3","0.42"," 168/249 ","1.8","Q3","1.5","0.4"," 170/251 ","Q3","32.47","0","0.091","0.323","32.7","Q3",
"Southern Forests-A Journal of Forest Science","SOUTH FORESTS","2070-2620","2070-2639","FORESTRY","SCIE","493","0.7","Q3","0.3"," 63/89 ","0.9","Q3","0.7","<0.1"," 58/89 ","Q3","35.39","0","0.053","0.171","29.8","Q3",
"SOUTH AFRICAN JOURNAL OF CHEMISTRY-SUID-AFRIKAANSE TYDSKRIF VIR CHEMIE","S AFR J CHEM-S-AFR T","0379-4350","1996-840X","CHEMISTRY, MULTIDISCIPLINARY","SCIE","487","0.8","Q4","0.2"," 189/230 ","1.3","Q3","0.8","0.2"," 171/231 ","Q3","26.19","0","0.044","0.189","18.0","Q3",
"International Education Journal-Comparative Perspectives","INT EDUC J","1443-1475","2202-493X","EDUCATION & EDUCATIONAL RESEARCH","ESCI","470","0.5","Q4","0.15"," 579/756 ","0.7","Q3","0.4","0.7"," 640/756 ","Q4","15.41","0","0.04","0.222","23.5","Q3",
"Journal of Education Culture and Society","J EDUC CULT SOC","N/A","2081-1640","SOCIAL SCIENCES, INTERDISCIPLINARY","ESCI","442","1.6","Q2","0.73"," 81/263 ","1.1","Q2","0.9","0.8"," 104/263 ","Q2","60.65","0","0.105","0.199","69.4","Q3",
"Boletin Medico del Hospital Infantil de Mexico","B MED HOSP INFANT M","0539-6115","1665-1146","PEDIATRICS","ESCI","432","0.6","Q4","0.27"," 150/186 ","0.6","Q4","0.6","0.1"," 150/186 ","Q4","19.62","0","0.071","0.144","19.6","Q4",
"International Journal of Art Therapy","INT J ART THER","1745-4832","1745-4840","PSYCHOLOGY, CLINICAL","ESCI","424","2.3","Q2","0.91"," 70/180 ","2.6","Q2","1.4","0.5"," 61/180 ","Q2","66.39","0","0.081","0.459","61.4","Q3",
"International Journal of Art Therapy","INT J ART THER","1745-4832","1745-4840","REHABILITATION","ESCI","424","2.3","Q1","0.91"," 26/169 ","2.6","Q2","1.4","0.5"," 63/169 ","Q2","63.02","0","0.081","0.459","84.9","Q3",
"JOURNAL OF ORTHOPTERA RESEARCH","J ORTHOPTERA RES","1082-6467","1937-2426","ENTOMOLOGY","ESCI","417","1","Q3","0.39"," 71/109 ","N/A","N/A","0.9","0.4"," 77/109 ","Q3","29.82","0","0.053","N/A","35.3","N/A",
"Annual Plant Reviews Online","ANN PLANT REV ONLINE","N/A","2639-3832","PLANT SCIENCES","ESCI","413","1.2","Q3","0.41"," 175/265 ","3","Q2","1.2","0.7"," 154/265 ","Q3","42.08","0.001","0.15","0.688","34.2","Q2",
"Journal of Hydrology X","J HYDROL X","N/A","2589-9155","GEOSCIENCES, MULTIDISCIPLINARY","ESCI","389","3.1","Q2","0.89"," 74/253 ","3.8","Q2","3","0.5"," 66/253 ","Q1","74.11","0.001","0.176","0.971","70.9","Q2",
"Journal of Hydrology X","J HYDROL X","N/A","2589-9155","WATER RESOURCES","ESCI","389","3.1","Q2","0.89"," 37/127 ","3.8","Q1","3","0.5"," 30/127 ","Q1","76.77","0.001","0.176","0.971","71.3","Q1",
"European Policy Analysis","EUR POLICY ANAL","N/A","2380-6567","POLITICAL SCIENCE","ESCI","373","2.7","Q1","1.78"," 56/317 ","N/A","N/A","2.3","1.2"," 35/317 ","Q1","89.12","0.001","0.152","N/A","82.5","N/A",
"European Policy Analysis","EUR POLICY ANAL","N/A","2380-6567","PUBLIC ADMINISTRATION","ESCI","373","2.7","Q2","1.78"," 23/91 ","N/A","N/A","2.3","1.2"," 9/91 ","Q1","90.66","0.001","0.152","N/A","75.3","N/A",
"Studies in Social Justice","STUD SOC JUSTICE","1911-4788","1911-4788","POLITICAL SCIENCE","ESCI","372","1.4","Q2","0.68"," 141/317 ","1.2","Q3","1.3","0.6"," 168/317 ","Q3","47.16","0","0.108","0.508","55.7","Q3",
"Clinics in Shoulder and Elbow","CLIN SHOULDER ELB","2288-8721","2288-8721","ORTHOPEDICS","ESCI","353","1.8","Q2","0.82"," 61/136 ","N/A","N/A","1.7","0.9"," 55/136 ","Q2","59.93","0.001","0.166","N/A","55.5","N/A",
"Journal of Noncommutative Geometry","J NONCOMMUT GEOM","1661-6952","1661-6960","MATHEMATICS","SCIE","352","0.7","Q2","0.46"," 217/489 ","0.7","Q2","0.6","0.4"," 334/489 ","Q3","31.80","0.001","0.272","0.734","55.7","Q2",
"Journal of Noncommutative Geometry","J NONCOMMUT GEOM","1661-6952","1661-6960","MATHEMATICS, APPLIED","SCIE","352","0.7","Q3","0.46"," 236/331 ","0.7","Q3","0.6","0.4"," 235/331 ","Q3","29.15","0.001","0.272","0.734","28.9","Q2",
"Journal of Noncommutative Geometry","J NONCOMMUT GEOM","1661-6952","1661-6960","PHYSICS, MATHEMATICAL","SCIE","352","0.7","Q4","0.46"," 50/60 ","0.7","Q4","0.6","0.4"," 40/60 ","Q3","34.17","0.001","0.272","0.734","17.5","Q2",
"Pharmacy & Pharmacology-Farmatsiya i Farmakologiya","PHARM PHARMACOL-RUSS","2307-9266","2413-2241","PHARMACOLOGY & PHARMACY","ESCI","345","0.5","Q4","0.09"," 331/354 ","0.5","Q4","0.4","0.4"," 343/354 ","Q4","3.25","0","0.022","0.06","6.6","Q4",
"Expert Opinion on Orphan Drugs","EXPERT OPIN ORPHAN D","2167-8707","2167-8707","PHARMACOLOGY & PHARMACY","SCIE","339","0.8","Q4","0.14"," 311/354 ","0.7","Q4","0.8","<0.1"," 330/354 ","Q4","6.92","0","0.085","0.268","12.3","Q4",
"Journal of Patient-Centered Research and Reviews","J PATIENT-CENTER RES","2330-068X","2330-0698","HEALTH CARE SCIENCES & SERVICES","ESCI","337","1.6","Q3","0.64"," 112/174 ","2","Q3","1.6","0.3"," 95/175 ","Q3","46.00","0.001","0.184","0.729","35.9","Q3",
"Kulturno-Istoricheskaya Psikhologiya-Cultural-Historical Psychology","KULT-ISTOR PSIKHOL","1816-5435","2224-8935","PSYCHOLOGY, MULTIDISCIPLINARY","ESCI","324","0.6","Q4","0.27"," 171/218 ","0.8","Q4","0.5","0.1"," 165/218 ","Q4","24.54","0","0.09","0.2","21.8","Q4",
"Asia-Pacific Journal-Japan Focus","ASIA-PAC J-JPN FOCU","1557-4660","1557-4660","AREA STUDIES","ESCI","315","0.2","Q4","0.29"," 138/176 ","0.2","Q4","0.1","<0.1"," 138/176 ","Q4","21.88","0","0.052","0.065","21.9","Q4",
"Proceedings of the Institution of Civil Engineers-Waste and Resource Management","PROC INST CIV ENG-WA","1747-6526","1747-6534","ENGINEERING, ENVIRONMENTAL","ESCI","312","0.8","Q4","0.12"," 76/81 ","0.8","Q4","0.5","0.2"," 74/81 ","Q4","9.26","0","0.012","0.089","6.8","Q4",
"Service Oriented Computing and Applications","SERV ORIENTED COMPUT","1863-2386","1863-2394","COMPUTER SCIENCE, INTERDISCIPLINARY APPLICATIONS","ESCI","298","1.8","Q3","0.22"," 113/169 ","1.5","Q4","1.6","0.3"," 151/169 ","Q4","10.95","0","0.061","0.298","33.4","Q4",
"International Journal of Cancer Management","INT J CANCER MANAG","2538-4422","2538-497X","ONCOLOGY","ESCI","290","0.4","Q4","0.1"," 304/322 ","0.5","Q4","0.4","0.1"," 303/322 ","Q4","6.06","0","0.082","0.107","5.7","Q4",
"Indian Journal of Rheumatology","INDIAN J RHEUMATOL","0973-3698","0973-3701","RHEUMATOLOGY","ESCI","286","0.5","Q4","0.11"," 54/57 ","0.5","Q4","0.5","0.2"," 54/57 ","Q4","6.14","0","0.075","0.118","6.1","Q4",
"Therapeutic Hypothermia and Temperature Management","THER HYPOTHERMIA TEM","2153-7658","2153-7933","CRITICAL CARE MEDICINE","SCIE","278","0.8","Q4","0.19"," 44/54 ","1.2","Q3","0.7","0.1"," 46/55 ","Q4","17.27","0","0.076","0.304","19.4","Q4",
"Forest and Society","FOR SOC","2549-4724","2549-4333","FORESTRY","ESCI","276","1.7","Q2","0.68"," 36/89 ","1.7","Q2","1.5","0.4"," 34/89 ","Q2","62.36","0","0.079","0.31","60.1","Q3",
"Ultrasound International Open","ULTRASOUND INT OPEN","2509-596X","2199-7152","RADIOLOGY, NUCLEAR MEDICINE & MEDICAL IMAGING","ESCI","255","1.3","Q3","0.52"," 138/204 ","2.7","Q2","1.2","<0.1"," 115/204 ","Q3","43.87","0","0.07","0.681","32.6","Q2",
"Teaching Statistics","TEACH STAT","0141-982X","1467-9639","EDUCATION & EDUCATIONAL RESEARCH","ESCI","251","1.2","Q2","0.49"," 370/756 ","0.8","Q3","1","0.7"," 465/756 ","Q3","38.56","0","0.042","0.203","51.1","Q3",
"Solar-Terrestrial Physics","SOL-TERR PHYS","2500-0535","2500-0535","GEOCHEMISTRY & GEOPHYSICS","ESCI","244","0.9","Q4","0.27"," 77/101 ","0.8","Q4","0.7","0.2"," 75/101 ","Q3","26.24","0.001","0.122","0.295","24.3","Q3",
"International Cancer Conference Journal","INT CANCER CONF J","2192-3183","2192-3183","ONCOLOGY","ESCI","226","0.5","Q4","0.13"," 302/322 ","0.6","Q4","0.5","0.1"," 300/322 ","Q4","6.99","0","0.068","0.14","6.4","Q4",
"Immunotherapy Advances","IMMUNOTHER ADV","N/A","2732-4303","IMMUNOLOGY","ESCI","219","4.1","Q2","0.34"," 74/181 ","4.1","Q2","4","0.3"," 154/181 ","Q4","15.19","0.001","0.119","1.289","59.4","Q2",
"Current Trauma Reports","CURR TRAUMA REP","2198-6096","2198-6096","CRITICAL CARE MEDICINE","ESCI","214","1.5","Q3","0.27"," 36/54 ","1","Q4","1.5","0.4"," 41/55 ","Q3","26.36","0","0.077","0.331","34.3","Q4",
"International Journal of Design Creativity and Innovation","INT J DES CREAT INNO","2165-0349","2165-0357","ENGINEERING, MANUFACTURING","ESCI","202","1.2","Q4","0.29"," 60/68 ","1.6","Q4","1.2","0.2"," 58/68 ","Q4","15.44","0","0.051","0.385","12.5","Q3",
"International Journal of Data Mining and Bioinformatics","INT J DATA MIN BIOIN","1748-5673","1748-5681","MATHEMATICAL & COMPUTATIONAL BIOLOGY","SCIE","196","0.2","Q4","0.08"," 65/65 ","0.4","Q4","0.2","<0.1"," 65/65 ","Q4","0.77","0","0.03","0.112","0.8","Q4",
"Estudios de Cultura Maya","ESTUD CULT MAYA","0185-2574","2448-5179","ANTHROPOLOGY","ESCI","192","0.3","Q4","0.06"," 110/139 ","0.5","Q4","0.3","<0.1"," 129/139 ","Q4","7.55","0","0.031","0.189","21.2","Q4",
"MEDICINE AND LAW","MED LAW","0723-1393","2471-836X","LAW","ESCI","190","0.1","Q4","0.16"," 365/421 ","0.1","Q4","0.1","<0.1"," 336/421 ","Q4","20.31","0","0.014","0.047","13.4","Q4",
"HASELTONIA","HASELTONIA","1070-0048","1938-2898","PLANT SCIENCES","SCIE","189","2","Q2","0.24"," 117/265 ","1.3","Q3","2","0.7"," 218/265 ","Q4","17.92","0","0.049","0.438","56.0","Q2",
"Boletim de Ciencias Geodesicas","B CIENC GEOD","1982-2170","1982-2170","REMOTE SENSING","ESCI","166","0.3","Q4","0.12"," 57/62 ","0.5","Q4","0.3","0.1"," 55/62 ","Q4","12.10","0","0.023","0.093","8.9","Q4",
"CSIAM Transactions on Applied Mathematics","CSIAM T APPL MATH","2708-0560","2708-0579","MATHEMATICS, APPLIED","ESCI","160","1.2","Q2","0.73"," 140/331 ","1.7","Q2","1.1","0.4"," 142/331 ","Q2","57.25","0.001","0.151","0.967","57.9","Q1",
"Klimik Journal","KLIMIK J","1301-143X","1309-1484","MEDICINE, GENERAL & INTERNAL","ESCI","155","0.3","Q3","0.07"," 243/325 ","0.3","Q4","0.3","0.1"," 259/329 ","Q4","21.43","0","0.033","0.065","25.4","Q4",
"Water Quality Research Journal","WATER QUAL RES J","2709-8044","2709-8052","WATER RESOURCES","SCIE","151","2.4","Q2","0.47"," 59/127 ","2.5","Q3","2.4","0.3"," 78/127 ","Q3","38.98","0","0.025","0.338","53.9","Q3",
"Revista Latinoamericana de Tecnologia Educativa-RELATEC","REV LATINOAM TECNOL","1695-288X","1695-288X","EDUCATION & EDUCATIONAL RESEARCH","ESCI","147","1","Q3","0.24"," 428/756 ","0.7","Q3","0.8","0.2"," 595/756 ","Q4","21.36","0","0.02","0.122","43.5","Q4",
"International Real Estate Review","INT REAL ESTATE REV","2154-8919","2154-8919","ECONOMICS","ESCI","144","0.4","Q4","0.13"," 514/597 ","0.4","Q4","0.2","0.1"," 525/600 ","Q4","12.58","0","0.012","0.067","14.0","Q4",
"Ledger","LEDGER-PITTSBURGH","N/A","2379-5980","ECONOMICS","ESCI","136","0.6","Q4","0.13"," 466/597 ","2","Q2","0.6","0.2"," 525/600 ","Q4","12.58","0","0.036","0.548","22.0","Q2",
"Transactions of the Korean Society of Mechanical Engineers B","T KOR SOC MEC ENG B","1226-4881","1226-4881","ENGINEERING, MECHANICAL","ESCI","134","0.2","Q4","0.05"," 175/180 ","0.1","Q4","0.1","0.1"," 177/180 ","Q4","1.94","0","0.013","0.016","3.1","Q4",
"International Journal of Structural Engineering","INT J STRUCT ENG","1758-7328","1758-7336","ENGINEERING, CIVIL","ESCI","133","0.7","Q4","0.19"," 157/181 ","N/A","N/A","0.5","0.3"," 149/181 ","Q4","17.96","0","0.015","N/A","13.5","N/A",
"Advances in Laboratory Medicine-Avances en Medicina de Laboratorio","ADV LAB MED","N/A","2628-491X","MEDICAL LABORATORY TECHNOLOGY","ESCI","111","1.1","Q4","0.23"," 23/30 ","1.1","Q4","1.1","0.2"," 29/30 ","Q4","5.00","0","0.036","0.215","25.0","Q4",
"International Journal of Computational Economics and Econometrics","INT J COMPUT ECON EC","1757-1170","1757-1189","ECONOMICS","ESCI","105","0.4","Q4","0.08"," 514/597 ","0.8","Q4","0.3","0.1"," 566/600 ","Q4","5.75","0","0.044","0.245","14.0","Q3",
"Hawwa","HAWWA","1569-2078","1569-2086","HUMANITIES, MULTIDISCIPLINARY","ESCI","94","0.3","N/A","0.92"," N/A ","0.4","N/A","0.3","0.1"," 78/406 ","Q1","80.91","0","0.022","0.186","N/A","Q2",
"St Petersburg Polytechnic University Journal-Physics and Mathematics","ST PETER POLY U J-PH","2405-7223","2405-7223","PHYSICS, MULTIDISCIPLINARY","ESCI","94","0.2","Q4","0.05"," 105/110 ","0.2","Q4","0.1","<0.1"," 105/110 ","Q4","5.00","0","0.015","0.02","5.0","Q4",
"Jordan Journal of Electrical Engineering","JORDAN J ELECTR ENG","2409-9600","2409-9619","COMPUTER SCIENCE, INFORMATION SYSTEMS","ESCI","82","0.7","Q4","0.18"," 212/249 ","N/A","N/A","0.2","0.2"," 226/251 ","Q4","10.16","0","0.008","N/A","15.1","N/A",
"Jordan Journal of Electrical Engineering","JORDAN J ELECTR ENG","2409-9600","2409-9619","ENGINEERING, ELECTRICAL & ELECTRONIC","ESCI","82","0.7","Q4","0.18"," 308/352 ","N/A","N/A","0.2","0.2"," 307/354 ","Q4","13.42","0","0.008","N/A","12.6","N/A",
"Rural Theology-International Ecumencial and Interdisciplinary Perspectives","RURAL THEOL","1470-4994","2042-1273","RELIGION","ESCI","81","1","N/A","2.28"," N/A ","0.7","N/A","0.7","<0.1"," 12/339 ","Q1","96.61","0","0.022","0.203","N/A","Q2",
"Journal of Historical Linguistics","J HIST LINGUIST","2210-2116","2210-2124","LANGUAGE & LINGUISTICS","ESCI","76","0.5","N/A","0.63"," N/A ","0.5","N/A","0.5","0.2"," 146/393 ","Q2","62.98","0","0.057","0.474","N/A","Q2",
"Romanian Astronomical Journal","ROM ASTRON J","1220-5168","2285-3758","ASTRONOMY & ASTROPHYSICS","ESCI","73","0.8","Q4","0.12"," 67/84 ","0.5","Q4","0.6","0.1"," 75/84 ","Q4","11.31","0","0.019","0.122","20.8","Q4",
"Conservation Science in Cultural Heritage","CONSERV SCI CULT HER","1974-4951","1973-9494","HUMANITIES, MULTIDISCIPLINARY","ESCI","70","0.1","N/A","0.28"," N/A ","0.2","N/A","0.1","N/A"," 226/406 ","Q3","44.46","0","0.007","0.045","N/A","Q4",
"JP Journal of Algebra Number Theory and Applications","JP J ALGEBR NUMBER T","0972-5555","0972-5555","MATHEMATICS","ESCI","64","0.2","Q4","0.13"," 464/489 ","0.1","Q4","0.1","0.1"," 482/489 ","Q4","1.53","0","0.018","0.038","5.2","Q4",
"Observatorio Medioambiental","OBS MEDIOAMBIENT","1139-1987","1988-3277","ENVIRONMENTAL STUDIES","ESCI","61","0.3","Q4","0.04"," 174/182 ","0.4","Q4","0.3","<0.1"," 180/184 ","Q4","2.45","0","0.009","0.079","4.7","Q4",
"Janus-Estudios Sobre El Siglo de Oro","JANUS","2254-7290","2254-7290","LITERATURE, ROMANCE","ESCI","61","0.1","N/A","0.44"," N/A ","0.2","N/A","0.1","0.2"," 67/116 ","Q3","42.67","0","0.029","0.189","N/A","Q2",
"RASP-Research on Ageing and Social Policy","RASP-RES AGEING SOC","2014-671X","2014-671X","GERONTOLOGY","ESCI","48","0.8","Q4","0.36"," 41/47 ","0.8","Q4","0.8","0.1"," 39/48 ","Q4","19.79","0","0.017","0.229","13.8","Q4",
"Radovi-Zavoda za Hrvatsku Povijest","RADOVI-ZAVODA HRVATS","0353-295X","0353-295X","HISTORY","ESCI","43","<0.1","Q4","0.05"," 450/518 ","0.1","Q3","<0.1","N/A"," 483/519 ","Q4","7.03","0","0.063","0.277","13.2","Q2",
"Equidad & Desarrollo","EQUIDAD DESARRO","1692-7311","2389-8844","SOCIAL ISSUES","ESCI","41","0.1","Q4","0.03"," 64/67 ","0.2","Q4","0.1","0.1"," 62/67 ","Q4","8.21","0","0.006","0.032","5.2","Q4",
"Journal of Historical Research in Music Education","J HIST RES MUSIC EDU","1536-6006","2328-2525","MUSIC","ESCI","40","0.2","N/A","0.32"," N/A ","0.2","N/A","0.1","<0.1"," 64/111 ","Q3","42.79","0","0.007","0.063","N/A","Q4",
"Discourse-Journal for Theoretical Studies in Media and Culture","DISCOURSE-J THEOR ST","1522-5321","1536-1810","HUMANITIES, MULTIDISCIPLINARY","ESCI","39","0.2","N/A","0.64"," N/A ","0.2","N/A","0.2","N/A"," 117/406 ","Q2","71.31","0","0.037","0.285","N/A","Q2",
"Vizantiiskii Vremennik","VIZ VREM","0132-3776","N/A","MEDIEVAL & RENAISSANCE STUDIES","ESCI","27","<0.1","N/A","0.58"," N/A ","0.1","N/A","<0.1","N/A"," 48/83 ","Q3","42.77","0","0.028","0.164","N/A","Q3",
"Geografares","GEOGRAFARES","2175-3709","2175-3709","GEOGRAPHY","ESCI","26","0.1","Q4","0.01"," 155/171 ","0.1","Q4","0.1","<0.1"," 166/172 ","Q4","3.78","0","0.007","0.03","9.6","Q4",
"Hypnos","HYPNOS","1413-9138","2177-5346","CLASSICS","ESCI","24","0.1","N/A","0.27"," N/A ","0.1","N/A","<0.1","0.2"," 46/60 ","Q4","24.17","0","0.009","0.093","N/A","Q4",
"Indonesian Capital Market Review","INDONES CAP MARK REV","1979-8997","2356-3818","ECONOMICS","ESCI","21","0.3","Q4","0.1"," 539/597 ","0.3","Q4","0.2","<0.1"," 549/600 ","Q4","8.58","0","0.002","0.027","9.8","Q4",
"Gecontec-Revista Internacional de Gestion del Conocimiento y la Tecnologia","GECONTEC","2255-5684","2255-5684","MANAGEMENT","ESCI","20","0.2","Q4","0.02"," 383/401 ","0.2","Q4","0.2","<0.1"," 393/402 ","Q4","2.36","0","0.002","0.024","4.6","Q4",
"Coordenadas-Revista de Historia Local y Regional","COORDENADAS","2362-4752","2362-4752","HISTORY","ESCI","16","0.1","Q3","0.1"," 327/518 ","0.1","Q3","0.1","<0.1"," 452/519 ","Q4","13.01","0","0.03","0.172","37.0","Q3",
"Aristonothos-Scritti per il Mediterraneo Antico","ARISTONOTHOS-SCR MED","2037-4488","2385-2895","HISTORY","ESCI","14","0.1","Q3","0.31"," 327/518 ","0.1","Q3","<0.1","<0.1"," 331/519 ","Q3","36.32","0","0.004","0.044","37.0","Q4",
"Cahiers Mondes Anciens","CAH MONDES ANC","2107-0199","2107-0199","HUMANITIES, MULTIDISCIPLINARY","ESCI","14","0.1","N/A","0.11"," N/A ","0.1","N/A","0.1","<0.1"," 323/406 ","Q4","20.57","0","0.004","0.04","N/A","Q4",
"Revista de Ciencias Sociales-Costa Rica","REV CIENC SOC-COSTA","2215-2601","2215-2601","SOCIAL SCIENCES, INTERDISCIPLINARY","ESCI","12","<0.1","Q4","0.01"," 257/263 ","<0.1","Q4","<0.1","<0.1"," 257/263 ","Q4","2.47","0","0.005","0.011","2.5","Q4",
"Teoliteraria-Revista Brasileira de Literaturas e Teologias","TEOLITERARIA","2236-9937","2236-9937","RELIGION","ESCI","11","<0.1","N/A","0.07"," N/A ","<0.1","N/A","<0.1","<0.1"," 315/339 ","Q4","7.23","0","0.009","0.019","N/A","Q4",
"Voix Plurielles","VOIX PLUR","1925-0614","1925-0614","LITERATURE","ESCI","8","0.1","N/A","0.06"," N/A ","<0.1","N/A","0.1","<0.1"," 176/199 ","Q4","11.81","0","0.007","0.034","N/A","Q4",
"Haser-Revista Internacional de Filosofia Aplicada","HASER","2172-055X","2386-4761","PHILOSOPHY","ESCI","7","<0.1","N/A","0.34"," N/A ","<0.1","N/A","<0.1","<0.1"," 164/325 ","Q3","49.69","0","0.002","0.04","N/A","Q4",

Copyright (c) 2024 Clarivate 
By exporting the selected data; you agree to the data usage policy set forth in the Terms of Use 
